{"y": 0.061811057352803754, "x": 3710.1987724932337}